iter	RMSE
0	1400.515987
1	1338.01817
